-- Insert Locations
INSERT INTO Locations (City, State, Country) VALUES
('New York', 'New York', 'USA'),
('London', 'England', 'UK'),
('Tokyo', 'Tokyo', 'Japan'),
('Berlin', 'Berlin', 'Germany'),
('Paris', 'Île-de-France', 'France'),
('Toronto', 'Ontario', 'Canada'),
('Sydney', 'New South Wales', 'Australia'),
('Mumbai', 'Maharashtra', 'India'),
('São Paulo', 'São Paulo', 'Brazil'),
('Cape Town', 'Western Cape', 'South Africa'),
('Buenos Aires', 'Buenos Aires', 'Argentina'),
('Dubai', 'Dubai', 'UAE'),
('Singapore', 'Singapore', 'Singapore'),
('Los Angeles', 'California', 'USA'),
('Toronto', 'Ontario', 'Canada'),
('Mexico City', 'CDMX', 'Mexico'),
('Vienna', 'Vienna', 'Austria'),
('Madrid', 'Madrid', 'Spain'),
('Seoul', 'Seoul', 'South Korea'),
('Chicago', 'Illinois', 'USA');

-- Insert Clients
INSERT INTO Clients (CompanyName, ContactName, Email, Phone, Address, Industry, ClientSince, LocationID, ApplyDiscount) VALUES
('Tech Innovations Ltd.', 'Alice Green', 'alice.green@techinn.com', '202-555-0123', '123 Tech Lane, New York, NY', 'Technology', '2018-01-15', 1, TRUE),
('NextGen Solutions', 'Robert Hill', 'robert.hill@nextgen.com', '202-555-0456', '456 Nextgen Ave, London, UK', 'Consulting', '2019-06-20', 2, FALSE),
('Quantum Systems', 'Eleanor Adams', 'eleanor.adams@quantum.com', '202-555-0789', '789 Quantum Blvd, Tokyo, Japan', 'Technology', '2020-11-30', 3, TRUE),
('Digital Creators', 'Johan Werner', 'johan.werner@digitalcreators.de', '202-555-0345', '101 Digital Rd, Berlin, Germany', 'Creative', '2021-04-15', 4, TRUE),
('Futuristic Insights', 'Marie Dupont', 'marie.dupont@futuristics.com', '202-555-0678', '123 Vision St, Paris, France', 'Consulting', '2017-02-25', 5, FALSE),
('Cloud Pioneers', 'David Lee', 'david.lee@cloudpioneers.com', '202-555-0912', '456 Cloud Way, Toronto, Canada', 'Cloud Services', '2022-07-10', 6, TRUE),
('Innovation & Beyond', 'Ming Wong', 'ming.wong@innovation.com', '202-555-0347', '789 Creative Blvd, Sydney, Australia', 'Consulting', '2018-11-14', 7, FALSE),
('Data Dynamics', 'Anjali Patel', 'anjali.patel@datadynamics.in', '202-555-0976', '987 Data St, Mumbai, India', 'Technology', '2020-03-05', 8, TRUE),
('Visionary Projects', 'Carlos Ruiz', 'carlos.ruiz@visionaryprojects.com', '202-555-0012', '321 Vision Ave, São Paulo, Brazil', 'Consulting', '2022-08-19', 9, TRUE),
('South Africa Ventures', 'Cynthia Booysen', 'cynthia.b@sfventures.com', '202-555-0198', '234 Tech Tower, Cape Town, South Africa', 'Consulting', '2017-10-23', 10, FALSE),
('InnovateX', 'Esteban Martinez', 'esteban.martinez@innovatex.com', '202-555-0654', '567 Innovate Blvd, Buenos Aires, Argentina', 'Technology', '2023-03-15', 11, TRUE),
('Futureworks Consulting', 'James O’Connor', 'james.oconnor@futureworks.com', '202-555-0834', '987 Strategy Ln, Dubai, UAE', 'Consulting', '2020-01-07', 12, FALSE),
('Smart Solutions', 'Rina Tan', 'rina.tan@smartech.com', '202-555-0746', '222 Solutions Rd, Singapore', 'Tech Consulting', '2022-05-28', 13, TRUE),
('TechScope', 'Victor Nguyen', 'victor.nguyen@techscope.com', '202-555-0321', '654 Tech Blvd, Los Angeles, USA', 'Technology', '2019-11-11', 14, TRUE),
('Innovative Enterprises', 'Nina Patel', 'nina.patel@innovative.com', '202-555-0214', '876 Innovation Dr, Toronto, Canada', 'Consulting', '2018-06-06', 15, TRUE),
('SmartTech Innovations', 'Felipe Silva', 'felipe.silva@smarttech.com', '202-555-0905', '123 Tech Plaza, Mexico City, Mexico', 'Technology', '2022-02-13', 16, FALSE),
('NextEra Solutions', 'Thomas Weber', 'thomas.weber@nextsolutions.com', '202-555-0548', '345 NextEra St, Vienna, Austria', 'Technology', '2021-07-23', 17, TRUE),
('Sky Innovations', 'Kyung Min', 'kyung.min@skyinnovations.kr', '202-555-0192', '876 Sky Way, Seoul, South Korea', 'Technology', '2019-05-19', 18, TRUE),
('TechWorks', 'Jessica Chang', 'jessica.chang@techworks.com', '202-555-0778', '234 Development Rd, Chicago, USA', 'Consulting', '2022-11-02', 19, FALSE),
('CloudVision', 'Lucas Fernando', 'lucas.fernando@cloudvision.com', '202-555-0143', '101 Cloud Blvd, New York, NY', 'Tech Consulting', '2020-08-29', 20, TRUE);

-- Insert Projects
INSERT INTO Projects (ClientID, ProjectName, Description, StartDate, EndDate, Status, PaymentSubtotal, DiscountValue, TaxRate) VALUES
(1, 'Cloud Migration', 'Cloud migration project for Tech Innovations.', '2023-01-15', '2023-05-15', 'Completed', 20000.00, 1000.00, 10.0),
(2, 'Market Expansion Analysis', 'Analysis of market trends for NextGen Solutions.', '2023-03-01', '2023-07-01', 'In Progress', 25000.00, 500.00, 10.0),
(3, 'Data Analytics Integration', 'Integrating advanced data analytics for Quantum Systems.', '2023-06-20', '2023-12-20', 'In Progress', 35000.00, 1500.00, 8.0),
(4, 'UX/UI Overhaul', 'Complete redesign of the user experience for Digital Creators.', '2023-02-10', '2023-06-10', 'Completed', 18000.00, 900.00, 10.0),
(5, 'AI Implementation', 'Developing AI solutions for Futuristic Insights.', '2023-07-20', '2023-12-31', 'In Progress', 27000.00, 1200.00, 9.0),
(6, 'Cloud Security Enhancement', 'Improving cloud security for Cloud Pioneers.', '2023-08-05', '2023-11-05', 'Completed', 22000.00, 1100.00, 10.0),
(7, 'Big Data Solutions', 'Providing big data analytics for Innovation & Beyond.', '2023-04-17', '2023-10-17', 'In Progress', 30000.00, 1400.00, 8.0),
(8, 'Automation Strategy', 'Designing automation strategies for Data Dynamics.', '2023-05-01', '2023-09-01', 'Completed', 26000.00, 1300.00, 10.0),
(9, 'Cybersecurity Assessment', 'Conducting a cybersecurity audit for Visionary Projects.', '2023-06-10', '2023-09-30', 'Completed', 21000.00, 950.00, 9.0),
(10, 'Blockchain Integration', 'Integrating blockchain technology for South Africa Ventures.', '2023-03-15', '2023-07-15', 'In Progress', 32000.00, 1600.00, 8.0),
(11, 'Data Processing Overhaul', 'Improving data processing systems for InnovateX.', '2023-01-23', '2023-06-23', 'Completed', 23000.00, 1000.00, 9.0),
(12, 'Digital Transformation', 'Helping Futureworks Consulting with their digital transformation.', '2023-08-15', '2023-12-15', 'In Progress', 35000.00, 1400.00, 10.0),
(13, 'Data Center Development', 'Building new data center for Smart Solutions.', '2023-09-10', '2024-03-10', 'In Progress', 40000.00, 1800.00, 8.0),
(14, 'Cloud App Development', 'Developing cloud-based applications for TechScope.', '2023-02-12', '2023-06-12', 'Completed', 19000.00, 800.00, 9.0),
(15, 'Blockchain Solutions', 'Blockchain development for Innovative Enterprises.', '2023-07-30', '2023-11-30', 'Completed', 27000.00, 1300.00, 9.0),
(16, 'Mobile App Optimization', 'Improving mobile app performance for SmartTech Innovations.', '2023-06-01', '2023-09-01', 'In Progress', 21000.00, 1000.00, 10.0),
(17, 'IT Infrastructure Setup', 'Setting up IT infrastructure for NextEra Solutions.', '2023-08-01', '2023-12-01', 'Completed', 24000.00, 1200.00, 8.0),
(18, 'Data Migration', 'Migrating legacy systems to new platforms for Sky Innovations.', '2023-04-15', '2023-08-15', 'Completed', 22000.00, 1100.00, 10.0),
(19, 'Tech Support Services', 'Providing tech support for TechWorks clients.', '2023-07-01', '2023-12-31', 'In Progress', 21000.00, 900.00, 9.0),
(20, 'Cloud Consulting', 'Consulting for CloudVision regarding cloud infrastructure.', '2023-06-01', '2023-09-01', 'In Progress', 25000.00, 1200.00, 10.0);

-- Insert Departments
INSERT INTO Departments (DepartmentName, ManagerID) VALUES
('Tech Support', 1),
('Sales', 2),
('Development', 3),
('HR', 4),
('Marketing', 5),
('Finance', 6),
('Project Management', 7),
('Client Relations', 8),
('Legal', 9),
('Operations', 10),
('Research & Development', 11),
('Security', 12),
('Business Strategy', 13),
('Creative Services', 14),
('Product Management', 15),
('Consulting', 16),
('Business Intelligence', 17),
('Training & Education', 18),
('Systems Integration', 19),
('Customer Success', 20);

-- Insert Employees with more diverse and creative names
INSERT INTO Employees (FirstName, LastName, Position, HireDate, Email, Phone, Salary) VALUES
('Aiden', 'Kumar', 'Cloud Solutions Architect', '2020-01-15', 'aiden.kumar@novaloitte.com', '987-654-3210', 102000.00),
('Lena', 'Nguyen', 'Data Scientist', '2021-07-03', 'lena.nguyen@novaloitte.com', '654-321-9870', 92000.00),
('Santiago', 'Ruiz', 'Full Stack Developer', '2022-06-30', 'santiago.ruiz@novaloitte.com', '321-987-6540', 84000.00),
('Yara', 'Al-Farsi', 'Business Intelligence Analyst', '2019-10-25', 'yara.alfarsi@novaloitte.com', '876-543-2109', 77000.00),
('Ravi', 'Patel', 'AI Researcher', '2021-02-19', 'ravi.patel@novaloitte.com', '543-210-9876', 98000.00),
('Kirsten', 'Olsen', 'Product Manager', '2020-05-11', 'kirsten.olsen@novaloitte.com', '765-432-1098', 93000.00),
('Marcelo', 'Duarte', 'Cybersecurity Engineer', '2019-03-07', 'marcelo.duarte@novaloitte.com', '432-109-8765', 105000.00),
('Priya', 'Iyer', 'Data Analyst', '2022-01-14', 'priya.iyer@novaloitte.com', '210-987-6543', 77000.00),
('Khalid', 'Bin Zayed', 'Cloud Infrastructure Manager', '2021-04-23', 'khalid.zayed@novaloitte.com', '543-678-9012', 102500.00),
('Haruto', 'Yamamoto', 'DevOps Engineer', '2020-09-01', 'haruto.yamamoto@novaloitte.com', '890-123-4567', 88000.00),
('Camila', 'Rodrigues', 'UX/UI Designer', '2022-05-19', 'camila.rodrigues@novaloitte.com', '789-012-3456', 76000.00),
('Oluwaseun', 'Adebayo', 'Blockchain Developer', '2021-11-30', 'oluwaseun.adebayo@novaloitte.com', '678-901-2345', 115000.00),
('Esmeralda', 'Hernández', 'Project Manager', '2019-07-20', 'esmeralda.hernandez@novaloitte.com', '321-456-9870', 95000.00),
('Zara', 'Khan', 'Software Engineer', '2022-09-08', 'zara.khan@novaloitte.com', '987-654-3210', 85000.00),
('Victor', 'Petrov', 'IT Support Specialist', '2020-04-15', 'victor.petrov@novaloitte.com', '654-321-0987', 71000.00),
('Ananya', 'Gupta', 'Network Architect', '2021-08-05', 'ananya.gupta@novaloitte.com', '321-987-6540', 97000.00),
('Mikko', 'Lehtinen', 'Front-End Developer', '2021-12-01', 'mikko.lehtinen@novaloitte.com', '876-543-2109', 78000.00),
('Carmen', 'Gonzalez', 'Business Development Manager', '2020-06-20', 'carmen.gonzalez@novaloitte.com', '210-987-6543', 88000.00),
('Liang', 'Wei', 'Machine Learning Engineer', '2022-10-15', 'liang.wei@novaloitte.com', '654-321-9870', 101000.00),
('Dina', 'El-Sayed', 'Digital Transformation Consultant', '2019-12-01', 'dina.elsayed@novaloitte.com', '543-678-9012', 95000.00),
('Nia', 'Mwangi', 'Mobile App Developer', '2021-07-18', 'nia.mwangi@novaloitte.com', '987-654-3210', 76000.00);

-- Insert Skills
INSERT INTO Skills (SkillName, SkillLevel, CertificationRequired) VALUES
('Project Management', 'Advanced', 'Yes'),
('Cloud Computing', 'Intermediate', 'No'),
('Data Analysis', 'Expert', 'Yes'),
('Machine Learning', 'Intermediate', 'Yes'),
('Blockchain Development', 'Expert', 'Yes'),
('Cybersecurity', 'Advanced', 'Yes'),
('UX/UI Design', 'Intermediate', 'No'),
('Artificial Intelligence', 'Expert', 'Yes'),
('Software Development', 'Advanced', 'Yes'),
('Database Administration', 'Intermediate', 'No'),
('Business Strategy', 'Expert', 'No'),
('Digital Marketing', 'Intermediate', 'No'),
('Mobile App Development', 'Advanced', 'Yes'),
('Cloud Security', 'Expert', 'Yes'),
('Web Development', 'Intermediate', 'No'),
('Business Intelligence', 'Advanced', 'Yes'),
('Network Administration', 'Intermediate', 'No'),
('Data Engineering', 'Expert', 'Yes'),
('Big Data Analysis', 'Intermediate', 'No'),
('DevOps', 'Expert', 'Yes');

-- Insert EmployeeSkills
INSERT INTO EmployeeSkills (EmployeeID, SkillID) VALUES
(1, 1),
(1, 2),
(2, 3),
(2, 4),
(3, 5),
(3, 6),
(4, 7),
(5, 8),
(5, 9),
(6, 10),
(6, 11),
(7, 12),
(7, 13),
(8, 14),
(8, 15),
(9, 16),
(9, 17),
(10, 18),
(10, 19),
(11, 20),
(12, 1),
(12, 3),
(13, 4),
(13, 5),
(14, 6),
(14, 7),
(15, 8),
(15, 9),
(16, 10),
(16, 11),
(17, 12),
(18, 13),
(19, 14),
(19, 15),
(20, 16);

-- Insert ProjectConsultants
INSERT INTO ProjectConsultants (ProjectID, EmployeeID, EmployeeRole) VALUES
(1, 1, 'Project Manager'),
(1, 3, 'Cloud Architect'),
(2, 4, 'Data Analyst'),
(2, 5, 'Market Strategist'),
(3, 6, 'AI Developer'),
(3, 7, 'Security Specialist'),
(4, 8, 'UX Designer'),
(4, 9, 'UI Developer'),
(5, 10, 'Blockchain Consultant'),
(5, 11, 'Machine Learning Expert'),
(6, 12, 'Cloud Security Expert'),
(6, 13, 'DevOps Engineer'),
(7, 14, 'Big Data Engineer'),
(7, 15, 'Business Analyst'),
(8, 16, 'Software Engineer'),
(8, 17, 'Tech Support Lead'),
(9, 18, 'Cybersecurity Expert'),
(9, 19, 'Network Administrator'),
(10, 20, 'Blockchain Developer'),
(10, 1, 'Consultant'),
(11, 2, 'Project Coordinator'),
(12, 3, 'Senior Consultant'),
(13, 4, 'Lead Engineer'),
(14, 5, 'App Developer'),
(15, 6, 'Business Consultant'),
(16, 7, 'Technical Advisor'),
(17, 8, 'Solutions Architect'),
(18, 9, 'IT Support Specialist'),
(19, 10, 'Cloud Consultant'),
(20, 11, 'Service Manager');

-- Insert CollectedData
INSERT INTO CollectedData (ProjectID, DataType, Format, CollectionDate, Status) VALUES
(1, 'Survey', 'CSV', '2023-01-25', 'Collected'),
(1, 'Cloud Metrics', 'JSON', '2023-02-15', 'In Progress'),
(2, 'Market Trends', 'PDF', '2023-04-05', 'Collected'),
(2, 'Competitive Analysis', 'CSV', '2023-05-01', 'In Progress'),
(3, 'Analytics Report', 'XML', '2023-07-10', 'Collected'),
(3, 'Customer Data', 'JSON', '2023-08-20', 'In Progress'),
(4, 'User Feedback', 'CSV', '2023-03-01', 'Collected'),
(4, 'Design Prototypes', 'PNG', '2023-04-15', 'In Progress'),
(5, 'AI Training Data', 'CSV', '2023-05-01', 'Collected'),
(5, 'Algorithm Results', 'JSON', '2023-06-10', 'In Progress'),
(6, 'Security Logs', 'TXT', '2023-08-30', 'In Progress'),
(6, 'Cloud Monitoring', 'CSV', '2023-09-05', 'Collected'),
(7, 'Big Data Insights', 'CSV', '2023-06-12', 'In Progress'),
(7, 'Customer Feedback', 'JSON', '2023-07-01', 'Collected'),
(8, 'Automation Logs', 'CSV', '2023-05-10', 'In Progress'),
(8, 'Performance Reports', 'PDF', '2023-06-05', 'Collected'),
(9, 'Security Assessment Data', 'TXT', '2023-06-15', 'In Progress'),
(9, 'Audit Logs', 'XML', '2023-07-10', 'Collected'),
(10, 'Blockchain Metrics', 'CSV', '2023-08-20', 'In Progress'),
(10, 'Transaction Data', 'JSON', '2023-09-01', 'Collected');

-- Insert Reports
INSERT INTO Reports (ProjectID, ReportTitle, ReportDate, ReportStatus, ReportContent) VALUES
(1, 'Cloud Migration Progress Report', '2023-03-10', 'Completed', 'Detailed report on the progress of the cloud migration process.'),
(2, 'Market Expansion Strategy Report', '2023-05-01', 'In Progress', 'In-depth analysis of market trends and expansion opportunities.'),
(3, 'Data Analytics Integration Report', '2023-08-01', 'In Progress', 'Summary of analytics integration for client review.'),
(4, 'UX/UI Redesign Feedback', '2023-04-25', 'Completed', 'Report on user feedback after the UX/UI redesign project.'),
(5, 'AI Implementation Review', '2023-07-15', 'In Progress', 'Evaluation of AI tools and recommendations for further implementation.'),
(6, 'Cloud Security Implementation Report', '2023-09-05', 'In Progress', 'Security measures for cloud services integrated into the client infrastructure.'),
(7, 'Big Data Solutions Report', '2023-06-30', 'In Progress', 'Summary of big data solutions implemented with results.'),
(8, 'Automation Strategy Results', '2023-07-20', 'Completed', 'Report on the performance and results of automation initiatives.'),
(9, 'Cybersecurity Assessment Report', '2023-07-05', 'Completed', 'Detailed cybersecurity assessment findings and recommendations.'),
(10, 'Blockchain Integration Review', '2023-08-15', 'In Progress', 'Overview of blockchain technology integration into the business system.'),
(11, 'Data Processing Efficiency Report', '2023-06-15', 'Completed', 'Review of the improved data processing system performance.'),
(12, 'Digital Transformation Milestone Report', '2023-09-10', 'In Progress', 'Progress report on the digital transformation initiative.'),
(13, 'Data Center Setup Report', '2023-10-05', 'In Progress', 'Report on the design and setup of the new data center.'),
(14, 'Cloud App Development Progress Report', '2023-04-20', 'Completed', 'Evaluation of cloud application development progress and challenges.'),
(15, 'Blockchain Solutions Status Update', '2023-07-30', 'In Progress', 'Update on the blockchain solution implementation status.'),
(16, 'Mobile App Optimization Report', '2023-08-10', 'In Progress', 'Review of mobile app performance after optimization.'),
(17, 'IT Infrastructure Setup Report', '2023-08-20', 'Completed', 'Detailed report on the IT infrastructure setup for client review.'),
(18, 'Data Migration Overview', '2023-07-01', 'Completed', 'Report on the completed data migration process from legacy systems.'),
(19, 'Tech Support Services Status', '2023-09-05', 'In Progress', 'Status report on the ongoing tech support services provided to clients.'),
(20, 'Cloud Consulting Report', '2023-07-25', 'In Progress', 'Summary of cloud consulting efforts and the next steps for the project.');

-- Insert Services (Deliverables)
INSERT INTO Services (ProjectID, ServiceType, ShortDescription, ServiceDate, ServiceCost, ServiceStatus) VALUES
(1, 'Cloud Hosting', 'Provisioning of cloud hosting services for the client.', '2023-01-30', 5000.00, 'Completed'),
(2, 'Market Research', 'Providing detailed market research on industry trends.', '2023-04-10', 3000.00, 'Completed'),
(3, 'Data Analytics', 'Delivering analytical insights to improve data-driven decision-making.', '2023-07-12', 4500.00, 'In Progress'),
(4, 'UX/UI Design', 'Redesign of the client’s website UI for improved user experience.', '2023-04-01', 2500.00, 'Completed'),
(5, 'AI Implementation', 'Integrating AI-driven solutions into the client’s business processes.', '2023-05-05', 7000.00, 'In Progress'),
(6, 'Cloud Security Setup', 'Implementing security measures for the cloud infrastructure.', '2023-08-01', 6000.00, 'In Progress'),
(7, 'Big Data Integration', 'Integration of big data solutions to handle large datasets efficiently.', '2023-06-05', 8000.00, 'Completed'),
(8, 'Automation Tools', 'Delivering automation tools for increased operational efficiency.', '2023-05-25', 4000.00, 'Completed'),
(9, 'Cybersecurity Audit', 'Performing cybersecurity audits to detect vulnerabilities in systems.', '2023-06-10', 5000.00, 'In Progress'),
(10, 'Blockchain Implementation', 'Deploying blockchain solutions for enhanced transparency.', '2023-07-20', 9500.00, 'Completed'),
(11, 'Data Processing System', 'Overhauling the data processing system to improve speed and efficiency.', '2023-04-01', 7500.00, 'Completed'),
(12, 'Digital Transformation', 'Providing digital transformation services for business process optimization.', '2023-08-15', 12000.00, 'In Progress'),
(13, 'Data Center Setup', 'Establishing a new data center to increase operational capacity.', '2023-09-01', 11000.00, 'In Progress'),
(14, 'Cloud App Development', 'Developing a cloud-based application for the client’s internal use.', '2023-03-15', 8500.00, 'Completed'),
(15, 'Blockchain Development', 'Blockchain application development for secure transactions.', '2023-06-01', 9800.00, 'In Progress'),
(16, 'Mobile App Optimization', 'Enhancing the client’s mobile app to increase performance.', '2023-07-01', 5500.00, 'In Progress'),
(17, 'IT Infrastructure Setup', 'Setting up the IT infrastructure for smooth business operations.', '2023-08-25', 9000.00, 'Completed'),
(18, 'Data Migration', 'Migrating the client’s data to the latest technology platform.', '2023-06-05', 6700.00, 'Completed'),
(19, 'Tech Support', 'Providing ongoing tech support services for client operations.', '2023-09-01', 3500.00, 'In Progress'),
(20, 'Cloud Consulting', 'Providing expert consulting for cloud infrastructure solutions.', '2023-06-10', 4200.00, 'Completed');

-- Insert Logs
INSERT INTO Logs (Action, Description, UserID) VALUES
('Login', 'User John Doe logged into the system.', 1),
('Report Generation', 'Generated the progress report for Project 1.', 3),
('Data Collection', 'Started collecting market trend data for Project 2.', 5),
('Service Delivery', 'Delivered the final cloud hosting service for Project 1.', 6),
('Audit Log', 'Created audit log for cybersecurity check on Project 9.', 12),
('System Update', 'Updated system software for data analytics project.', 4),
('Cloud Deployment', 'Deployed cloud services for Project 6.', 7),
('Client Meeting', 'Met with client for review of Project 8 deliverables.', 9),
('Report Creation', 'Created digital transformation report for Project 12.', 10),
('Project Completion', 'Completed all tasks for Project 20.', 11);
